{
    "accuracy": [
        0.8344991207122803,
        0.8335871696472168,
        0.832966685295105,
        0.83680260181427,
        0.8352230787277222
    ],
    "auc": [
        0.9200088977813721,
        0.9191259145736694,
        0.9205850958824158,
        0.9210017323493958,
        0.9215970039367676
    ],
    "loss": [
        0.37852099537849426,
        0.3814995288848877,
        0.37347012758255005,
        0.37322476506233215,
        0.36963024735450745
    ],
    "precision": [
        0.8344991207122803,
        0.8335871696472168,
        0.832966685295105,
        0.83680260181427,
        0.8352230787277222
    ],
    "recall": [
        0.8344991207122803,
        0.8335871696472168,
        0.832966685295105,
        0.83680260181427,
        0.8352230787277222
    ],
    "val_accuracy": [
        0.8482440114021301,
        0.8537892699241638,
        0.8491681814193726,
        0.8486136794090271,
        0.854713499546051
    ],
    "val_auc": [
        0.9354098439216614,
        0.9402100443840027,
        0.936504602432251,
        0.9363725781440735,
        0.9392133951187134
    ],
    "val_loss": [
        0.3248637318611145,
        0.3115427494049072,
        0.32168853282928467,
        0.32196977734565735,
        0.3138633668422699
    ],
    "val_precision": [
        0.8482440114021301,
        0.8537892699241638,
        0.8491681814193726,
        0.8486136794090271,
        0.854713499546051
    ],
    "val_recall": [
        0.8482440114021301,
        0.8537892699241638,
        0.8491681814193726,
        0.8486136794090271,
        0.854713499546051
    ],
    "learning_rate": [
        9.999999747378752e-06,
        9.999999747378752e-06,
        9.999999747378752e-06,
        9.999999747378752e-06,
        9.999999747378752e-06
    ]
}